<?xml version="1.0" encoding="UTF-8"?>

<!-- default directory 설정 -->

<decorators defaultdir="/WEB-INF/views">

	<!-- sample -->

	<decorator name="home" page="layout/layout.jsp">
		<pattern>/</pattern>
	</decorator>
	<decorator name="hader" page="layout/hader.jsp"/>
	<decorator name="memberInsertForm" page="member/member_insert_form.jsp">
		<pattern>/memberInsertForm</pattern>
	</decorator>

	<!-- decorators를 적용시키지 않을 url 패턴 -->

	<excludes>
		<pattern>/excludes/*</pattern>
	</excludes>

</decorators>